country_name,regional_indicator,ladder_score,standard_error_of_ladder_score,upperwhisker,lowerwhisker,logged_gdp_per_capita,social_support,healthy_life_expectancy,freedom_to_make_life_choices,generosity,perceptions_of_corruption,ladder_score_in_dystopia,explained_by_log_gdp_per_capita,explained_by_social_support,explained_by_healthy_life_expectancy,explained_by_freedom_to_make_life_choices,explained_by_generosity,explained_by_perceptions_of_corruption,dystopia_residual
Finland,Western Europe,7.808700084686279,0.031156305223703384,7.8697662353515625,7.747633934020996,10.639266967773438,0.9543297290802002,71.90082550048828,0.9491721987724304,-0.059482019394636154,0.19544458389282227,1.9723167419433594,1.2851895093917847,1.4995259046554565,0.9612714052200317,0.6623167395591736,0.15967044234275818,0.4778572618961334,2.7628350257873535
Denmark,Western Europe,7.645599842071533,0.03349228575825691,7.711244583129883,7.579955101013184,10.774001121520996,0.9559907913208008,72.40250396728516,0.9514442682266235,0.06620177626609802,0.1684894561767578,1.9723167419433594,1.3269485235214233,1.5034492015838623,0.9793325662612915,0.6650398969650269,0.24279339611530304,0.4952603280544281,2.4327406883239746
Switzerland,Western Europe,7.559899806976318,0.03501417115330696,7.628527641296387,7.49127197265625,10.97993278503418,0.9428465962409973,74.102447509765625,0.9213366508483887,0.10591103881597519,0.3037284314632416,1.9723167419433594,1.3907742500305176,1.4724034070968628,1.040533185005188,0.6289544701576233,0.2690557539463043,0.4079459011554718,2.3502674102783203
Iceland,Western Europe,7.504499912261963,0.059615861624479294,7.621346950531006,7.38765287399292,10.77255916595459,0.9746695756912231,73,0.9488918781280518,0.24694421887397766,0.71170973777771,1.9723167419433594,1.3265016078948975,1.5475674867630005,1.0008434057235718,0.6619807481765747,0.36233022809028625,0.14454077184200287,2.4606881141662598
Norway,Western Europe,7.48799991607666,0.03483738377690315,7.556281089782715,7.4197187423706055,11.087803840637207,0.9524865746498108,73.2007827758789,0.9557502865791321,0.134532630443573,0.2632181942462921,1.9723167419433594,1.424207329750061,1.4951725006103516,1.0080718994140625,0.6702008843421936,0.28798508644104004,0.43410056829452515,2.1682662963867188
Netherlands,Western Europe,7.44890022277832,0.02779174968600273,7.5033721923828125,7.394428253173828,10.812711715698242,0.9391388297080994,72.30091857910156,0.9085478186607361,0.20761243999004364,0.36471712589263916,1.9723167419433594,1.3389463424682617,1.4636459350585938,0.9756753444671631,0.6136264801025391,0.3363175690174103,0.3685697615146637,2.3521170616149902
Sweden,Western Europe,7.353499889373779,0.03623419627547264,7.424519062042236,7.282480716705322,10.758793830871582,0.926311194896698,72.60076904296875,0.9391441941261292,0.11161462217569351,0.2508801817893982,1.9723167419433594,1.3222352266311646,1.4333477020263672,0.9864704608917236,0.6502977013587952,0.2728278934955597,0.44206637144088745,2.2462992668151855
New Zealand,North America and ANZ,7.299600124359131,0.039465468376874924,7.376952648162842,7.22224760055542,10.500943183898926,0.949118971824646,73.20262908935547,0.9362174868583679,0.1915980726480484,0.2211388498544693,1.9723167419433594,1.2423179149627686,1.4872183799743652,1.0081382989883423,0.6467899084091187,0.3257262110710144,0.46126827597618103,2.128108024597168
Austria,Western Europe,7.2941999435424805,0.0333651639521122,7.359595775604248,7.228804111480713,10.742823600769043,0.9280458688735962,73.00250244140625,0.8999894857406616,0.08542922139167786,0.49995487928390503,1.9723167419433594,1.3172855377197266,1.4374449253082275,1.0009335279464722,0.603368878364563,0.25550976395606995,0.28125613927841187,2.3984460830688477
Luxembourg,Western Europe,7.237500190734863,0.03085179440677166,7.297969818115234,7.177030563354492,11.45068073272705,0.9069122076034546,72.5999984741211,0.9056364297866821,-0.004620587918907404,0.3670842945575714,1.9723167419433594,1.536676049232483,1.387528419494629,0.9864426851272583,0.6101370453834534,0.19595392048358917,0.3670414686203003,2.153700351715088
Canada,North America and ANZ,7.232100009918213,0.04040545970201492,7.3112945556640625,7.152905464172363,10.692368507385254,0.9271766543388367,73.60160064697266,0.9339132308959961,0.12477076798677444,0.39084336161613464,1.9723167419433594,1.301647663116455,1.435391902923584,1.0225019454956055,0.6440281271934509,0.28152891993522644,0.35170185565948486,2.1952691078186035
Australia,North America and ANZ,7.222799777984619,0.041841115802526474,7.304808139801025,7.140791416168213,10.720596313476562,0.9448546171188354,73.60453796386719,0.9154317378997803,0.19046016037464142,0.4151691198348999,1.9723167419433594,1.310396432876587,1.4771462678909302,1.022607684135437,0.6218771934509277,0.32497361302375793,0.3359964191913605,2.1298041343688965
United Kingdom,Western Europe,7.1645002365112305,0.03716190904378891,7.237337589263916,7.091662883758545,10.60013484954834,0.9366828203201294,72.301605224609375,0.8347436785697937,0.26373249292373657,0.43591591715812683,1.9723167419433594,1.2730610370635986,1.4578449726104736,0.9757000803947449,0.5251686573028564,0.3734334409236908,0.32260164618492126,2.236721992492676
Israel,Middle East and North Africa,7.128600120544434,0.04251518100500107,7.211929798126221,7.0452704429626465,10.417525291442871,0.9135712385177612,73.20025634765625,0.7475805878639221,0.10259371995925903,0.7808550596237183,1.9723167419433594,1.2164636850357056,1.4032567739486694,1.008052945137024,0.42069947719573975,0.26686179637908936,0.09989845007658005,2.7133584022521973
Costa Rica,Latin America and Caribbean,7.121399879455566,0.044816117733716965,7.209239482879639,7.033560276031494,9.658156394958496,0.9015459418296814,71.29985046386719,0.9347389340400696,-0.10242971032857895,0.7863324284553528,1.9723167419433594,0.9811077117919922,1.3748536109924316,0.9396353363990784,0.6450177431106567,0.13126631081104279,0.09636209160089493,2.9531350135803223
Ireland,Western Europe,7.093699932098389,0.039863452315330505,7.171832084655762,7.015567779541016,11.160978317260742,0.9420815706253052,72.30078887939453,0.8869829773902893,0.14578497409820557,0.35718417167663574,1.9723167419433594,1.4468867778778076,1.470596432685852,0.9756706953048706,0.5877799391746521,0.29542699456214905,0.37343326210975647,1.943878173828125
Germany,Western Europe,7.075799942016602,0.03560980409383774,7.145595073699951,7.006004810333252,10.732818603515625,0.8988744616508484,72.20201873779297,0.8673710823059082,0.08017938584089279,0.45642203092575073,1.9723167419433594,1.314184546470642,1.3685437440872192,0.9721148014068604,0.5642741322517395,0.2520377039909363,0.3093622922897339,2.2952494621276855
United States,North America and ANZ,6.939599990844727,0.04731616750359535,7.032339572906494,6.846860408782959,10.925768852233887,0.9142190217971802,68.29949951171875,0.8426195383071899,0.14989173412322998,0.6997153162956238,1.9723167419433594,1.373986840248108,1.4047867059707642,0.8316180109977722,0.5346082448959351,0.29814305901527405,0.15228474140167236,2.3441247940063477
Czech Republic,Central and Eastern Europe,6.910900115966797,0.04289129748940468,6.994966983795166,6.826833248138428,10.404163360595703,0.9144306778907776,70.04793548583984,0.8185373544692993,-0.23086151480674744,0.8584462404251099,1.9723167419433594,1.2123223543167114,1.4052866697311401,0.8945644497871399,0.5057445764541626,0.0463259294629097,0.049803223460912704,2.7968082427978516
Belgium,Western Europe,6.863500118255615,0.03437035530805588,6.930866241455078,6.796133995056152,10.673639297485352,0.9116325378417969,72.00164794921875,0.8135820627212524,-0.07869119942188263,0.6122979521751404,1.9723167419433594,1.2958427667617798,1.3986775875091553,0.9649011492729187,0.49980542063713074,0.14696615934371948,0.20872405171394348,2.3486266136169434
United Arab Emirates,Middle East and North Africa,6.790800094604492,0.04069837927818298,6.870568752288818,6.711031436920166,11.10999870300293,0.8491811156272888,67.0827865600586,0.9413455128669739,0.12345084547996521,0.5945022106170654,1.9723167419433594,1.4310864210128784,1.2511709928512573,0.7878144383430481,0.6529361009597778,0.28065598011016846,0.22021351754665375,2.166965961456299
Malta,Western Europe,6.772799968719482,0.042958103120326996,6.856997966766357,6.688601970672607,10.533838272094727,0.9303795099258423,72.19999694824219,0.9249114394187927,0.2149658054113388,0.6585472822189331,1.9723167419433594,1.2525132894515991,1.4429569244384766,0.9720420241355896,0.6332390308380127,0.34118083119392395,0.17886407673358917,1.952012062072754
France,Western Europe,6.66379976272583,0.037576790899038315,6.737450122833252,6.590149402618408,10.584222793579102,0.9371037483215332,73.80193328857422,0.8254676461219788,-0.13064196705818176,0.5835211277008057,1.9723167419433594,1.2681293487548828,1.4588391780853271,1.0297142267227173,0.5140509009361267,0.11260770261287689,0.22730323672294617,2.0531983375549316
Mexico,Latin America and Caribbean,6.465000152587891,0.04812246933579445,6.559319972991943,6.370680332183838,9.797797203063965,0.8386654257774353,68.29902648925781,0.8587092757225037,-0.17526662349700928,0.8068215847015381,1.9723167419433594,1.0243874788284302,1.226333498954773,0.8316010236740112,0.5538925528526306,0.08309448510408401,0.08313366770744324,2.6625401973724365
Taiwan Province of China,East Asia,6.455399990081787,0.03913957625627518,6.532113552093506,6.378686428070068,10.77568531036377,0.8943091034889221,69.5999984741211,0.7715303301811218,-0.07319869846105576,0.7318829298019409,1.9723167419433594,1.3274705410003662,1.3577606678009033,0.8784379959106445,0.44940438866615295,0.1505987048149109,0.13151635229587555,2.160238742828369
Uruguay,Latin America and Caribbean,6.440100193023682,0.045419082045555115,6.529121398925781,6.351078987121582,9.948192596435547,0.9228112697601318,69.00254821777344,0.8923954367637634,-0.10110311210155487,0.6359941363334656,1.9723167419433594,1.0710004568099976,1.4250811338424683,0.8569288849830627,0.5942670702934265,0.13214369118213654,0.19342507421970367,2.167276382446289
Saudi Arabia,Middle East and North Africa,6.406499862670898,0.05653361231088638,6.517305850982666,6.295693874359131,10.797812461853027,0.8740670680999756,66.305145263671875,0.854191243648529,-0.16869506239891052,0.6826195120811462,1.9723167419433594,1.334328532218933,1.3099501132965088,0.7598181366920471,0.5484774708747864,0.08744068443775177,0.163322314620018,2.2031188011169434
Spain,Western Europe,6.400899887084961,0.04230036959052086,6.483808517456055,6.317991256713867,10.462926864624023,0.9211254119873047,74.4027099609375,0.7519895434379578,-0.05096171423792839,0.7658599019050598,1.9723167419433594,1.2305352687835693,1.4210991859436035,1.0513430833816528,0.42598381638526917,0.1653054803609848,0.10957977920770645,1.9970884323120117
Guatemala,Latin America and Caribbean,6.398900032043457,0.058398302644491196,6.513360500335693,6.284439563751221,8.924805641174316,0.8166214823722839,64.80894470214844,0.9081475734710693,-0.04293866455554962,0.7832374572753906,1.9723167419433594,0.7538157105445862,1.174267053604126,0.7059525847434998,0.6131467223167419,0.1706116646528244,0.09836030006408691,2.882723093032837
Italy,Western Europe,6.387400150299072,0.04328807443380356,6.472244739532471,6.302555561065674,10.481836318969727,0.8898785710334778,73.6016845703125,0.6646519899368286,-0.04346099868416786,0.8734046816825867,1.9723167419433594,1.236396074295044,1.3472959995269775,1.0225049257278442,0.3213055729866028,0.17026621103286743,0.040145598351955414,2.2495059967041016
Singapore,Southeast Asia,6.377099990844727,0.033258967101573944,6.442287445068359,6.311912536621094,11.39552116394043,0.9102689623832703,76.80458068847656,0.9266453385353088,0.029879223555326462,0.10978419333696365,1.9723167419433594,1.5195801258087158,1.3954569101333618,1.1378142833709717,0.6353172063827515,0.21877090632915497,0.5331622362136841,0.9370317459106445
Brazil,Latin America and Caribbean,6.3755998611450195,0.04079068824648857,6.455549716949463,6.295650005340576,9.566434860229492,0.8967238068580627,66.48016357421875,0.7998048067092896,-0.10181239247322083,0.7706012725830078,1.9723167419433594,0.9526798725128174,1.363464117050171,0.7661190629005432,0.48329272866249084,0.13167458772659302,0.10651860386133194,2.5718603134155273
Slovenia,Central and Eastern Europe,6.363399982452393,0.04384131357073784,6.449328899383545,6.27747106552124,10.392322540283203,0.9395756721496582,71.10298919677734,0.93614262342453,-0.08060338348150253,0.8170710206031799,1.9723167419433594,1.2086524963378906,1.4646776914596558,0.9325480461120605,0.6467001438140869,0.14570149779319763,0.07651632279157639,1.8885865211486816
El Salvador,Latin America and Caribbean,6.348299980163574,0.05824843794107437,6.462466716766357,6.234133243560791,8.909075736999512,0.8060922622680664,66.10826110839844,0.83380526304245,-0.12107297778129578,0.7543199062347412,1.9723167419433594,0.7489404082298279,1.149397611618042,0.7527300119400024,0.5240439176559448,0.11893630027770996,0.11703035235404968,2.9371917247772217
Kosovo,Central and Eastern Europe,6.325200080871582,0.05221627652645111,6.427544116973877,6.222856044769287,9.204429626464844,0.8207265138626099,63.885555267333984,0.861535906791687,0.19093376398086548,0.9223282933235168,1.9723167419433594,0.8404813408851624,1.1839628219604492,0.6727091670036316,0.557280421257019,0.325286865234375,0.008559023961424828,2.7369027137756348
Panama,Latin America and Caribbean,6.304800033569336,0.05972493067383766,6.421860694885254,6.187739372253418,10.034234046936035,0.9020944833755493,69.60301208496094,0.8803665041923523,-0.15392771363258362,0.8515889048576355,1.9723167419433594,1.0976678133010864,1.376149296760559,0.8785465359687805,0.5798497796058655,0.09720730781555176,0.054230526089668274,2.2211761474609375
Slovakia,Central and Eastern Europe,6.280600070953369,0.038897570222616196,6.356839179992676,6.2043609619140625,10.347749710083008,0.9224937558174133,68.906341552734375,0.7499526739120483,-0.12440930306911469,0.918096125125885,1.9723167419433594,1.1948376893997192,1.4243311882019043,0.8534652590751648,0.4235425293445587,0.11672977358102798,0.011291440576314926,2.2564220428466797
Uzbekistan,Commonwealth of Independent States,6.257599830627441,0.0542275495827198,6.363885879516602,6.151313781738281,8.7403717041015625,0.9265958070755005,65.107574462890625,0.9749981164932251,0.248427152633667,0.5014973878860474,1.9723167419433594,0.6966529488563538,1.4340200424194336,0.7167037129402161,0.6932703256607056,0.3633110225200653,0.28026026487350464,2.0733466148376465
Chile,Latin America and Caribbean,6.228499889373779,0.04572388902306557,6.318118572235107,6.138881206512451,10.032054901123047,0.8797135949134827,69.90061950683594,0.7448962926864624,-0.06566836684942245,0.8382394313812256,1.9723167419433594,1.0969924926757812,1.3232868909835815,0.8892608284950256,0.4174822270870209,0.15557900071144104,0.06284935027360916,2.283012866973877
Bahrain,Middle East and North Africa,6.22730016708374,0.08188226073980331,6.387789249420166,6.0668110847473145,10.676380157470703,0.8763421177864075,68.5,0.9058557748794556,0.13372918963432312,0.7393471002578735,1.9723167419433594,1.2966922521591187,1.3153237104415894,0.8388363718986511,0.6103999018669128,0.28745371103286743,0.12669725716114044,1.7519173622131348
Lithuania,Central and Eastern Europe,6.2154998779296875,0.04419310763478279,6.302118301391602,6.128881454467773,10.343626022338867,0.9261071085929871,67.29407501220703,0.7473814487457275,-0.21972529590129852,0.809583842754364,1.9723167419433594,1.1935596466064453,1.4328657388687134,0.7954211831092834,0.4204607903957367,0.053691040724515915,0.08135027438402176,2.2381460666656494
Trinidad and Tobago,Latin America and Caribbean,6.19189977645874,0.11444845795631409,6.4162187576293945,5.967580795288086,10.260002136230469,0.9152941703796387,63.5,0.8579071164131165,5.268406821414828e-4,0.9122306108474731,1.9723167419433594,1.167641520500183,1.4073262214660645,0.6588285565376282,0.5529311299324036,0.1993582546710968,0.01507839560508728,2.1906957626342773
Poland,Central and Eastern Europe,6.186299800872803,0.035500165075063705,6.255880355834961,6.1167192459106445,10.265124320983887,0.8742574453353882,69.3111343383789,0.862055778503418,-0.20508407056331635,0.6869270205497742,1.9723167419433594,1.1692291498184204,1.3103997707366943,0.8680384755134583,0.557903528213501,0.06337424367666245,0.16054125130176544,2.056797981262207
Colombia,Latin America and Caribbean,6.163400173187256,0.05648087337613106,6.274102687835693,6.052697658538818,9.50036907196045,0.8844402432441711,67.6995849609375,0.8361799120903015,-0.16123564541339874,0.8645718097686768,1.9723167419433594,0.9322037100791931,1.3344509601593018,0.8100201487541199,0.5268900394439697,0.09237409383058548,0.04584836959838867,2.421656608581543
Cyprus,Western Europe,6.158999919891357,0.05060593783855438,6.258187770843506,6.059812068939209,10.405702590942383,0.8059962391853333,73.70222473144531,0.7798582911491394,0.04373149573802948,0.8562717437744141,1.9723167419433594,1.2127994298934937,1.1491707563400269,1.0261245965957642,0.45938587188720703,0.22793233394622803,0.05120714381337166,2.032334804534912
Nicaragua,Latin America and Caribbean,6.1371002197265625,0.06388696283102036,6.2623186111450195,6.0118818283081055,8.493160247802734,0.8574970364570618,67.5071792602539,0.8639028668403625,0.020959140732884407,0.6659501194953918,1.9723167419433594,0.6200331449508667,1.270812749862671,0.8030932545661926,0.5601173043251038,0.2128714770078659,0.17408457398414612,2.4960811138153076
Romania,Central and Eastern Europe,6.123700141906738,0.047432564198970795,6.216668128967285,6.030732154846191,10.107583999633789,0.8251615166664124,67.20723724365234,0.8428232073783875,-0.1978152096271515,0.9343002438545227,1.9723167419433594,1.1204016208648682,1.194438099861145,0.7922948598861694,0.5348523259162903,0.06818161904811859,8.295688312500715e-4,2.412749767303467
Kuwait,Middle East and North Africa,6.102099895477295,0.0532977320253849,6.206563472747803,5.997636318206787,11.089824676513672,0.8464752435684204,66.76764678955078,0.8723664879798889,-0.10018470138311386,0.7608490586280823,1.9723167419433594,1.4248336553573608,1.2447798252105713,0.7764689326286316,0.5702614188194275,0.13275109231472015,0.11281493306159973,1.8401679992675781
Mauritius,Sub-Saharan Africa,6.10129976272583,0.05722649395465851,6.21346378326416,5.9891357421875,9.956786155700684,0.9103578329086304,66.40434265136719,0.8895345330238342,-0.018318573012948036,0.8053430914878845,1.9723167419433594,1.0736639499664307,1.3956668376922607,0.7633894085884094,0.5908381342887878,0.18689455091953278,0.08408822864294052,2.006720542907715
Kazakhstan,Commonwealth of Independent States,6.0578999519348145,0.043229784816503525,6.142630100250244,5.973169803619385,10.11465835571289,0.9347448945045471,64.6099624633789,0.8116019368171692,-0.06848863512277603,0.7644908428192139,1.9723167419433594,1.1225942373275757,1.4532676935195923,0.6987889409065247,0.497432142496109,0.15371379256248474,0.1104636862874031,2.0216026306152344
Estonia,Central and Eastern Europe,6.0218000411987305,0.03598519414663315,6.0923309326171875,5.951269149780273,10.340017318725586,0.9347299933433533,68.6049575805664,0.877709150314331,-0.11169777065515518,0.6230738162994385,1.9723167419433594,1.1924412250518799,1.4532325267791748,0.842615008354187,0.5766648054122925,0.12513674795627594,0.20176681876182556,1.6299281120300293
Philippines,Southeast Asia,6.00600004196167,0.04985840246081352,6.10372257232666,5.90827751159668,8.9935455322265625,0.8467300534248352,61.926761627197266,0.9154634475708008,-0.10546300560235977,0.7336341142654419,1.9723167419433594,0.7751206755638123,1.2453817129135132,0.6021894812583923,0.6219151616096497,0.12926021218299866,0.13038572669029236,2.501741886138916
Hungary,Central and Eastern Europe,6.000400066375732,0.03947322070598602,6.077767372131348,5.923032760620117,10.24924373626709,0.9219341278076172,67.60997009277344,0.7189645767211914,-0.19432301819324493,0.8929165005683899,1.9723167419433594,1.1643071174621582,1.4230093955993652,0.8067938685417175,0.38640180230140686,0.0704912394285202,0.02754817344248295,2.1218457221984863
Thailand,Southeast Asia,5.998799800872803,0.04259629547595978,6.08228874206543,5.915310859680176,9.741791725158691,0.8899732232093811,67.25059509277344,0.9050630331039429,0.2686851918697357,0.8862723112106323,1.9723167419433594,1.0070292949676514,1.3475195169448853,0.7938558459281921,0.6094498038291931,0.3767090141773224,0.031837861984968185,1.8323841094970703
Argentina,Latin America and Caribbean,5.974699974060059,0.05344175919890404,6.079445838928223,5.8699541091918945,9.810955047607422,0.9005679488182068,68.803802490234375,0.8311324119567871,-0.1949138641357422,0.8420098423957825,1.9723167419433594,1.0284656286239624,1.3725436925888062,0.8497737050056458,0.5208403468132019,0.07010047137737274,0.060415059328079224,2.0725409984588623
Honduras,Latin America and Caribbean,5.953199863433838,0.06573159247636795,6.082033634185791,5.824366092681885,8.424534797668457,0.8218701481819153,67.19876861572266,0.8706032633781433,0.08696911484003067,0.8011319041252136,1.9723167419433594,0.5987635850906372,1.18666410446167,0.7919899821281433,0.5681480765342712,0.25652819871902466,0.08680710196495056,2.4642953872680664
Latvia,Central and Eastern Europe,5.949999809265137,0.03483813628554344,6.018282413482666,5.881717205047607,10.17531967163086,0.9182885885238647,66.807464599609375,0.6712376475334167,-0.18688884377479553,0.7955800890922546,1.9723167419433594,1.1413954496383667,1.4143987894058228,0.7779024243354797,0.32919880747795105,0.07540794461965561,0.09039152413606644,2.1212830543518066
Ecuador,Latin America and Caribbean,5.92519998550415,0.05288063362240791,6.028846263885498,5.821553707122803,9.246058464050293,0.8364189863204956,68.50003814697266,0.8598289489746094,-0.12701496481895447,0.8012151122093201,1.9723167419433594,0.8533836007118225,1.2210276126861572,0.838837742805481,0.5552345514297485,0.1150064766407013,0.08675338327884674,2.2549338340759277
Portugal,Western Europe,5.910900115966797,0.053158197551965714,6.015089988708496,5.806710243225098,10.263742446899414,0.8865907192230225,72.40202331542969,0.8887478113174438,-0.22071430087089539,0.8926295042037964,1.9723167419433594,1.1688008308410645,1.339530348777771,0.9793152809143066,0.5898951888084412,0.053036946803331375,0.027733465656638145,1.752558708190918
Jamaica,Latin America and Caribbean,5.889800071716309,0.12059043347835541,6.126157283782959,5.653442859649658,9.006250381469727,0.9157018661499023,67.0999984741211,0.8580685257911682,-0.12510676681995392,0.8888900279998779,1.9723167419433594,0.7790583968162537,1.4082891941070557,0.7884340882301331,0.5531246066093445,0.11626849323511124,0.03014778532087803,2.2144365310668945
South Korea,East Asia,5.872399806976318,0.04408501461148262,5.95880651473999,5.7859930992126465,10.510566711425781,0.7993871569633484,73.60272979736328,0.6129651069641113,-0.04340403154492378,0.7890674471855164,1.9723167419433594,1.2453006505966187,1.1335605382919312,1.0225425958633423,0.2593563497066498,0.17030386626720428,0.09459628164768219,1.9467570781707764
Japan,East Asia,5.870800018310547,0.04139166697859764,5.951927661895752,5.789672374725342,10.579689025878906,0.8835459351539612,75.00096893310547,0.8099613785743713,-0.24691034853458405,0.6545580625534058,1.9723167419433594,1.2667241096496582,1.3323386907577515,1.0728813409805298,0.49546587467193604,0.035711780190467834,0.18143963813781738,1.4862003326416016
Peru,Latin America and Caribbean,5.796800136566162,0.061311203986406326,5.916970252990723,5.676630020141602,9.456313133239746,0.8310752511024475,68.10023498535156,0.8247660994529724,-0.16238822042942047,0.893714964389801,1.9723167419433594,0.9185491800308228,1.2084059715270996,0.8244441747665405,0.5132100582122803,0.0916118174791336,0.02703266032040119,2.2134995460510254
Serbia,Central and Eastern Europe,5.778200149536133,0.05071232467889786,5.877596378326416,5.67880392074585,9.680980682373047,0.8814757466316223,68.210205078125,0.7264958620071411,-0.0736762210726738,0.8435090184211731,1.9723167419433594,0.9881818294525146,1.3274489641189575,0.8284032940864563,0.3954284191131592,0.15028288960456848,0.05944714695215225,2.0290400981903076
Bolivia,Latin America and Caribbean,5.747499942779541,0.05064542219042778,5.846765041351318,5.648234844207764,8.851115226745605,0.8031086921691895,63.60047149658203,0.875873327255249,-0.09168113023042679,0.8226062059402466,1.9723167419433594,0.7309763431549072,1.1423505544662476,0.6624456644058228,0.5744644999504089,0.13837507367134094,0.07294263690710068,2.4259285926818848
Pakistan,South Asia,5.693299770355225,0.04821622371673584,5.787803649902344,5.5987958908081055,8.48272705078125,0.6890622973442078,58.253135681152344,0.7348337173461914,0.044899869710206985,0.7457054257392883,1.9723167419433594,0.6167994737625122,0.8729795813560486,0.46993324160575867,0.40542173385620117,0.22870506346225739,0.12259212136268616,2.976876735687256
Paraguay,Latin America and Caribbean,5.6921000480651855,0.0519578643143177,5.793937683105469,5.590262413024902,9.389982223510742,0.8987278938293457,65.63993835449219,0.885923445224762,0.007997713051736355,0.8347885012626648,1.9723167419433594,0.8979908227920532,1.3681975603103638,0.7358696460723877,0.5865100622177124,0.20429924130439758,0.06507737934589386,1.834125280380249
Dominican Republic,Latin America and Caribbean,5.689199924468994,0.06983129680156708,5.826069355010986,5.552330493927002,9.664880752563477,0.882085382938385,65.80748748779297,0.8662027716636658,-0.13126328587532043,0.7559999227523804,1.9723167419433594,0.9831918478012085,1.3288888931274414,0.741901695728302,0.562873899936676,0.11219678074121475,0.11594568192958832,1.8442468643188477
Bosnia and Herzegovina,Central and Eastern Europe,5.674099922180176,0.04638596251606941,5.765016555786133,5.583183288574219,9.455817222595215,0.8292041420936584,67.808135986328125,0.6513527035713196,0.09827455878257751,0.9337691068649292,1.9723167419433594,0.918395459651947,1.2039865255355835,0.8139281868934631,0.30536574125289917,0.26400524377822876,0.001172487041912973,2.1672420501708984
Moldova,Commonwealth of Independent States,5.607500076293945,0.042275577783584595,5.690360069274902,5.524640083312988,8.776714324951172,0.8433135747909546,65.01301574707031,0.7216091752052307,-0.0377410389482975,0.9133142828941345,1.9723167419433594,0.707916796207428,1.2373121976852417,0.7132994532585144,0.38957148790359497,0.17404918372631073,0.014378744177520275,2.3709683418273926
Tajikistan,Commonwealth of Independent States,5.555699825286865,0.03232157602906227,5.619050025939941,5.492349624633789,8.024810791015625,0.8352971076965332,64.1045913696289,0.8313834071159363,-0.025088511407375336,0.5920760631561279,1.9723167419433594,0.4748746156692505,1.218377709388733,0.680594801902771,0.5211411714553833,0.1824171245098114,0.22177991271018982,2.2565083503723145
Montenegro,Central and Eastern Europe,5.54610013961792,0.04898582026362419,5.6421122550964355,5.450088024139404,9.751860618591309,0.8553146123886108,68.5053482055664,0.6495656371116638,-0.07560035586357117,0.7831215858459473,1.9723167419433594,1.0101500749588013,1.265657901763916,0.8390288949012756,0.3032238483428955,0.1490103304386139,0.09843511134386063,1.880565881729126
Russia,Commonwealth of Independent States,5.546000003814697,0.039609670639038086,5.6236348152160645,5.46836519241333,10.12887191772461,0.903150737285614,64.10045623779297,0.7298926115036011,-0.15115374326705933,0.8648025989532471,1.9723167419433594,1.1269996166229248,1.3786441087722778,0.6804459095001221,0.3994995951652527,0.09904191642999649,0.045699361711740494,1.8157167434692383
Kyrgyzstan,Commonwealth of Independent States,5.541500091552734,0.04367746785283089,5.627108097076416,5.455892086029053,8.148405075073242,0.8872284889221191,64.10601043701172,0.9093748927116394,0.1547720581293106,0.8883960843086243,1.9723167419433594,0.5131809711456299,1.3410366773605347,0.6806458830833435,0.6146177649497986,0.3013707399368286,0.03046669065952301,2.060206651687622
Belarus,Commonwealth of Independent States,5.539899826049805,0.03706003725528717,5.612537384033203,5.467262268066406,9.779945373535156,0.9067474603652954,66.10433197021484,0.639163076877594,-0.16492654383182526,0.635711669921875,1.9723167419433594,1.0188544988632202,1.3871393203735352,0.7525885701179504,0.29075586795806885,0.08993306010961533,0.19360743463039398,1.8069911003112793
North Cyprus,Western Europe,5.5355000495910645,0.05103724077343941,5.635532855987549,5.43546724319458,10.405702590942383,0.8203566074371338,73.70222473144531,0.7952935099601746,2.2715852537658066e-4,0.6261156797409058,1.9723167419433594,1.2127994298934937,1.1830891370773315,1.0261245965957642,0.47788572311401367,0.19916005432605743,0.19980290532112122,1.2366876602172852
Greece,Western Europe,5.514999866485596,0.046931833028793335,5.606986045837402,5.423013687133789,10.132326126098633,0.8143803477287292,72.40525817871094,0.5413451194763184,-0.3009073734283447,0.8599314093589783,1.9723167419433594,1.1280701160430908,1.1689735651016235,0.9794317483901978,0.17351634800434113,0,0.0488443523645401,2.016179084777832
Hong Kong S.A.R. of China,East Asia,5.51039981842041,0.04601902887225151,5.600596904754639,5.420202732086182,10.934671401977539,0.8459690809249878,76.7717056274414,0.7798337936401367,0.13497990369796753,0.42060720920562744,1.9723167419433594,1.3767460584640503,1.2435842752456665,1.136630654335022,0.45935651659965515,0.2882809042930603,0.3324854373931885,0.6732931137084961
Croatia,Central and Eastern Europe,5.504700183868408,0.03778364509344101,5.578756332397461,5.4306440353393555,10.07087516784668,0.874623715877533,70.21490478515625,0.7148388028144836,-0.1285383254289627,0.9164952635765076,1.9723167419433594,1.1090242862701416,1.3112648725509644,0.900575578212738,0.3814568817615509,0.11399897933006287,0.012325005605816841,1.6760292053222656
Libya,Middle East and North Africa,5.488800048828125,0.06067720428109169,5.607727527618408,5.369872570037842,9.789815902709961,0.8259429335594177,62.29999923706055,0.773157000541687,-0.08505448698997498,0.6687791347503662,1.9723167419433594,1.021913766860962,1.1962836980819702,0.6156266331672668,0.451354056596756,0.14275769889354706,0.17225807905197144,1.8885631561279297
Mongolia,East Asia,5.456200122833252,0.0403132364153862,5.535213947296143,5.377186298370361,9.412186622619629,0.9371424913406372,62.30448532104492,0.6933513283729553,0.09809386730194092,0.8635112047195435,1.9723167419433594,0.9048727750778198,1.4589306116104126,0.6157881617546082,0.35570311546325684,0.2638857364654541,0.04653312638401985,1.8105275630950928
Malaysia,Southeast Asia,5.384300231933594,0.0488026961684227,5.479953289031982,5.288647174835205,10.262518882751465,0.8165094256401062,67.10215759277344,0.8946268558502197,0.11472679674625397,0.8393023014068604,1.9723167419433594,1.1684216260910034,1.1740022897720337,0.7885118722915649,0.5969415307044983,0.2748861610889435,0.062163133174180984,1.3194208145141602
Vietnam,Southeast Asia,5.353499889373779,0.03380076214671135,5.4197492599487305,5.287250518798828,8.809545516967773,0.8499871492385864,67.9527359008789,0.9395929574966431,-0.09453333169221878,0.796421229839325,1.9723167419433594,0.7180923819541931,1.2530747652053833,0.819133996963501,0.6508355736732483,0.13648872077465057,0.08984845876693726,1.6859779357910156
Indonesia,Southeast Asia,5.285600185394287,0.04769238084554672,5.379077434539795,5.192122936248779,9.369751930236816,0.8083798885345459,62.15584945678711,0.8706144094467163,0.5195865035057068,0.8762964010238647,1.9723167419433594,0.891720712184906,1.1548008918762207,0.6104370355606079,0.5681614279747009,0.5426465272903442,0.03827861323952675,1.4795734882354736
Ivory Coast,Sub-Saharan Africa,5.23330020904541,0.07309551537036896,5.376567363739014,5.090033054351807,8.225561141967773,0.658048689365387,49.5037727355957,0.7279093265533447,-0.04399115592241287,0.7907719612121582,1.9723167419433594,0.5370944142341614,0.7997272610664368,0.15494251251220703,0.3971225321292877,0.1699155867099762,0.09349579364061356,3.0810225009918213
Benin,Sub-Saharan Africa,5.216000080108643,0.07775924354791641,5.368408203125,5.063591957092285,7.674319744110107,0.46867114305496216,54.31246566772461,0.7351825833320618,-0.0035372127313166857,0.7405325770378113,1.9723167419433594,0.36624470353126526,0.3524284362792969,0.3280629515647888,0.4058398902416229,0.19667042791843414,0.12593187391757965,3.440809726715088
Maldives,South Asia,5.1975998878479,0.0719854012131691,5.338691234588623,5.056508541107178,9.518632888793945,0.9131609201431274,70.5999984741211,0.853962779045105,0.03808549791574478,0.824211061000824,1.9723167419433594,0.9378643035888672,1.4022876024246216,0.9144395589828491,0.5482036471366882,0.22419825196266174,0.07190649211406708,1.0986747741699219
Congo (Brazzaville),Sub-Saharan Africa,5.194399833679199,0.07702896744012833,5.345376491546631,5.043423175811768,8.5369873046875,0.6402280926704407,57.92448043823242,0.7190585136413574,-0.12367409467697144,0.7517790794372559,1.9723167419433594,0.6336167454719543,0.7576360106468201,0.4581011235713959,0.3865143954753876,0.11721601337194443,0.11867078393697739,2.7226195335388184
Azerbaijan,Commonwealth of Independent States,5.16480016708374,0.03419724106788635,5.2318267822265625,5.097773551940918,9.687726974487305,0.8193082809448242,65.5083999633789,0.786824107170105,-0.24025528132915497,0.5525375604629517,1.9723167419433594,0.9902727007865906,1.1806130409240723,0.7311340570449829,0.4677347242832184,0.040113214403390884,0.2473071813583374,1.5076329708099365
Macedonia,Central and Eastern Europe,5.159800052642822,0.04676153510808945,5.251452445983887,5.068147659301758,9.510591506958008,0.8203923106193542,67.504425048828125,0.7388409376144409,-0.019877450540661812,0.8974905014038086,1.9723167419433594,0.935371994972229,1.1831735372543335,0.8029941320419312,0.410224586725235,0.18586353957653046,0.02459505945444107,1.6175949573516846
Ghana,Sub-Saharan Africa,5.1479997634887695,0.05863460898399353,5.262923717498779,5.03307580947876,8.350645065307617,0.7286010980606079,57.20398712158203,0.7947965264320374,0.09417085349559784,0.8479647636413574,1.9723167419433594,0.575862467288971,0.9663679599761963,0.43216225504875183,0.4772900640964508,0.2612912058830261,0.0565703809261322,2.3784372806549072
Nepal,South Asia,5.137199878692627,0.05769208446145058,5.250276565551758,5.024123191833496,7.925357341766357,0.7855124473571777,63.779178619384766,0.7975650429725647,0.15416882932186127,0.7380991578102112,1.9723167419433594,0.4440503716468811,1.1007893085479736,0.6688793897628784,0.4806082546710968,0.3009718060493469,0.12750296294689178,2.0143868923187256
Turkey,Middle East and North Africa,5.131800174713135,0.039838459342718124,5.209883689880371,5.053716659545898,10.129419326782227,0.8263135552406311,66.90281677246094,0.608830451965332,-0.1710464358329773,0.7481973767280579,1.9723167419433594,1.1271692514419556,1.1971591711044312,0.7813352942466736,0.25440075993537903,0.08588556945323944,0.12098324298858643,1.5648167133331299
China,East Asia,5.123899936676025,0.025901664048433304,5.1746673583984375,5.073132514953613,9.688568115234375,0.7987605929374695,69.28919219970703,0.898517906665802,-0.18142575025558472,0.7539710998535156,1.9723167419433594,0.9905334115028381,1.1320806741714478,0.86724853515625,0.6016051173210144,0.07902104407548904,0.1172555536031723,1.336181879043579
Turkmenistan,Commonwealth of Independent States,5.119100093841553,0.029379816725850105,5.176684379577637,5.061515808105469,9.748032569885254,0.9589661955833435,62.211708068847656,0.8264570236206055,0.18767154216766357,0.8836918473243713,1.9723167419433594,1.0089635848999023,1.5104769468307495,0.6124480366706848,0.5152366757392883,0.3231293261051178,0.03350389003753662,1.1153373718261719
Bulgaria,Central and Eastern Europe,5.101500034332275,0.044221170246601105,5.188173294067383,5.014826774597168,9.869318962097168,0.9378403425216675,66.8039779663086,0.7451781630516052,-0.14390844106674194,0.9355851411819458,1.9723167419433594,1.046554684638977,1.4605789184570312,0.7777768969535828,0.4178200662136078,0.10383371263742447,0,1.2949614524841309
Morocco,Middle East and North Africa,5.094799995422363,0.05565045028924942,5.2038750648498535,4.985724925994873,8.940313339233398,0.59262847900390625,65.896240234375,0.772072434425354,-0.2403772473335266,0.8157246112823486,1.9723167419433594,0.7586221098899841,0.645208477973938,0.7450969219207764,0.4500541388988495,0.04003255069255829,0.07738560438156128,2.3784024715423584
Cameroon,Sub-Saharan Africa,5.08489990234375,0.06729607284069061,5.216800212860107,4.952999591827393,8.118647575378418,0.7003864049911499,52.70494079589844,0.7630518078804016,-0.001496450393460691,0.8513365983963013,1.9723167419433594,0.5039580464363098,0.8997264504432678,0.2701895534992218,0.43924248218536377,0.1980201005935669,0.05439342185854912,2.7193708419799805
Venezuela,Latin America and Caribbean,5.053199768066406,0.06428050994873047,5.179189682006836,4.927209854125977,8.97779369354248,0.8904081583023071,66.505340576171875,0.6232783198356628,-0.16909050941467285,0.8370383977890015,1.9723167419433594,0.7702386379241943,1.3485468626022339,0.7670255303382874,0.27171722054481506,0.08717915415763855,0.0636247768998146,1.7448408603668213
Algeria,Middle East and North Africa,5.005099773406982,0.04423600807785988,5.09180212020874,4.918397426605225,9.537964820861816,0.8033851385116577,65.9051742553711,0.4666109085083008,-0.12110516428947449,0.7354851365089417,1.9723167419433594,0.9438560009002686,1.1430035829544067,0.7454185485839844,0.08394379913806915,0.11891501396894455,0.12919065356254578,1.8408117294311523
Senegal,Sub-Saharan Africa,4.980800151824951,0.05276907980442047,5.084227561950684,4.877372741699219,8.118982315063477,0.7236160039901733,59.599151611328125,0.6905961632728577,-0.05233515426516533,0.8087851405143738,1.9723167419433594,0.5040618181228638,0.9545934200286865,0.5183919072151184,0.35240089893341064,0.16439713537693024,0.08186593651771545,2.4051239490509033
Guinea,Sub-Saharan Africa,4.9492998123168945,0.07304222881793976,5.092462539672852,4.8061370849609375,7.750990390777588,0.6375734806060791,54.46780014038086,0.7068467736244202,0.07632847130298615,0.7617944478988647,1.9723167419433594,0.39000773429870605,0.7513659596443176,0.3336552381515503,0.371878057718277,0.24949084222316742,0.11220455914735794,2.740729808807373
Niger,Sub-Saharan Africa,4.909599781036377,0.07720828056335449,5.060927867889404,4.75827169418335,6.842166900634766,0.6174350380897522,53.50009536743164,0.7597721219062805,0.013860817067325115,0.7225301861763,1.9723167419433594,0.10833033174276352,0.7038001418113708,0.29881635308265686,0.43531161546707153,0.2081768959760666,0.13755476474761963,3.0176305770874023
Laos,Southeast Asia,4.888599872589111,0.04026861488819122,4.967526435852051,4.809673309326172,8.798580169677734,0.7375022172927856,58.709922790527344,0.907213568687439,0.1113714799284935,0.6346793174743652,1.9723167419433594,0.7146938443183899,0.9873918890953064,0.4863782823085785,0.6120272874832153,0.2726671099662781,0.1942739635705948,1.621152639389038
Albania,Central and Eastern Europe,4.882699966430664,0.056115731596946716,4.992686748504639,4.7727131843566895,9.417930603027344,0.6710704565048218,68.70813751220703,0.7819942235946655,-0.042309489101171494,0.8963037133216858,1.9723167419433594,0.9066530466079712,0.8304839134216309,0.8463296294212341,0.46194589138031006,0.1710277646780014,0.025361284613609314,1.6408970355987549
Cambodia,Southeast Asia,4.848400115966797,0.05800687149167061,4.962093353271484,4.734706878662109,8.249890327453613,0.7730806469917297,61.52996826171875,0.9597046375274658,0.05191117897629738,0.822769045829773,1.9723167419433594,0.5446349382400513,1.0714260339736938,0.5879043340682983,0.6749403476715088,0.23334208130836487,0.07283750176429749,1.6633000373840332
Bangladesh,South Asia,4.832799911499023,0.04012419283390045,4.91144323348999,4.754156589508057,8.2870635986328125,0.6872929930686951,64.50306701660156,0.9006249904632568,-0.033664725720882416,0.6618435382843018,1.9723167419433594,0.5561562776565552,0.8688005805015564,0.6949405074119568,0.6041305661201477,0.17674511671066284,0.17673590779304504,1.7552618980407715
Gabon,Sub-Saharan Africa,4.8292999267578125,0.06026824191212654,4.947425842285156,4.711174011230469,9.680537223815918,0.7878868579864502,59.71533966064453,0.704829216003418,-0.22226162254810333,0.8491509556770325,1.9723167419433594,0.9880443811416626,1.1063975095748901,0.5225748419761658,0.3694598972797394,0.05201360210776329,0.0558045394718647,1.735027551651001
South Africa,Sub-Saharan Africa,4.8140997886657715,0.06002359092235565,4.931746006011963,4.69645357131958,9.40337085723877,0.8525322675704956,56.506011962890625,0.7593300938606262,-0.10977732390165329,0.8434238433837891,1.9723167419433594,0.9021404385566711,1.25908625125885,0.4070340692996979,0.4347818195819855,0.12640684843063354,0.05950213968753815,1.625117301940918
Iraq,Middle East and North Africa,4.784800052642822,0.07779187709093094,4.937272071838379,4.632328033447266,9.66109561920166,0.7476949691772461,59.90354919433594,0.6331826448440552,-0.06956475973129272,0.8222618103027344,1.9723167419433594,0.9820187091827393,1.0114666223526,0.5293506979942322,0.2835880517959595,0.153002068400383,0.07316499203443527,1.752173662185669
Lebanon,Middle East and North Africa,4.771500110626221,0.043753985315561295,4.857257843017578,4.685742378234863,9.361723899841309,0.8243381381034851,67.10658264160156,0.5513575077056885,-0.061215270310640335,0.9022562503814697,1.9723167419433594,0.8892325162887573,1.1924933195114136,0.7886711359024048,0.18551667034626007,0.15852414071559906,0.021518146619200706,1.5355422496795654
Burkina Faso,Sub-Saharan Africa,4.768700122833252,0.062067266553640366,4.89035177230835,4.647048473358154,7.468544960021973,0.7129436135292053,53.88945388793945,0.6655635833740234,-0.019080515950918198,0.7397950291633606,1.9723167419433594,0.3024676442146301,0.9293859004974365,0.31283387541770935,0.3223981559276581,0.18639060854911804,0.12640805542469025,2.5888264179229736
Gambia,Sub-Saharan Africa,4.7505998611450195,0.06716365367174149,4.8822407722473145,4.618958950042725,7.32181453704834,0.6931686997413635,55.01201629638672,0.7331631779670715,0.3431987166404724,0.6907178163528442,1.9723167419433594,0.25699055194854736,0.8826786875724792,0.35324788093566895,0.40341952443122864,0.42598968744277954,0.15809379518032074,2.270216464996338
Mali,Sub-Saharan Africa,4.729300022125244,0.06436276435852051,4.8554511070251465,4.603148937225342,7.629852294921875,0.7314689755439758,51.72698211669922,0.711566150188446,-0.044366925954818726,0.839328408241272,1.9723167419433594,0.35246264934539795,0.9731417298316956,0.23498152196407318,0.3775344491004944,0.169667050242424,0.062146276235580444,2.559335231781006
Nigeria,Sub-Saharan Africa,4.724100112915039,0.052116259932518005,4.8262481689453125,4.621952056884766,8.576624870300293,0.7372168898582458,49.861907958984375,0.7595784068107605,0.03374580666422844,0.8618743419647217,1.9723167419433594,0.6459018588066101,0.986717939376831,0.16783593595027924,0.4350794553756714,0.22132812440395355,0.04758993536233902,2.219635486602783
Armenia,Commonwealth of Independent States,4.676799774169922,0.05859535560011864,4.791646480560303,4.561953067779541,9.100476264953613,0.7574794292449951,66.75065612792969,0.712017834186554,-0.13877961039543152,0.7735447883605957,1.9723167419433594,0.8082624077796936,1.0345768928527832,0.7758572697639465,0.37807580828666687,0.10722573846578598,0.10461818426847458,1.4681615829467773
Georgia,Commonwealth of Independent States,4.672599792480469,0.04341741278767586,4.757698059082031,4.587501525878906,9.22610092163086,0.6290330290794373,64.495208740234375,0.8016415238380432,-0.2289203703403473,0.6659446954727173,1.9723167419433594,0.8471980690956116,0.7311939001083374,0.6946576237678528,0.48549410700798035,0.047609735280275345,0.17408807575702667,1.6923983097076416
Iran,Middle East and North Africa,4.672399997711182,0.05587802082300186,4.781920909881592,4.5628790855407715,9.813719749450684,0.6946896910667419,66.00614929199219,0.6478732824325562,0.1178911030292511,0.714635968208313,1.9723167419433594,1.0293225049972534,0.8862711787223816,0.7490538358688354,0.3011954724788666,0.2769789397716522,0.1426515132188797,1.2869694232940674
Jordan,Middle East and North Africa,4.633399963378906,0.058751218020915985,4.748552322387695,4.518247604370117,9.025999069213867,0.8021637201309204,66.79975128173828,0.7510477900505066,-0.1625652015209198,0.7003443241119385,1.9723167419433594,0.7851791977882385,1.1401185989379883,0.7776247262954712,0.4248550832271576,0.09149476885795593,0.15187862515449524,1.2622580528259277
Mozambique,Sub-Saharan Africa,4.623600006103516,0.07928408682346344,4.77899694442749,4.468203067779541,7.069345951080322,0.723874032497406,54.2058219909668,0.8644518852233887,0.032375868409872055,0.6830191016197205,1.9723167419433594,0.17874136567115784,0.9552028775215149,0.3242236375808716,0.5607753396034241,0.22042210400104523,0.16306431591510773,2.2212162017822266
Kenya,Sub-Saharan Africa,4.583000183105469,0.0678049847483635,4.715898036956787,4.45010232925415,8.029775619506836,0.7026520371437073,60.09693145751953,0.8297475576400757,0.29468151926994324,0.8314991593360901,1.9723167419433594,0.47641339898109436,0.9050777554512024,0.5363127589225769,0.5191805362701416,0.39390209317207336,0.06720107793807983,1.6849045753479004
Namibia,Sub-Saharan Africa,4.571100234985352,0.06098347529768944,4.6906280517578125,4.451572418212891,9.203141212463379,0.8468809723854065,56.501487731933594,0.7675209641456604,-0.18530645966529846,0.8514497876167297,1.9723167419433594,0.8400819897651672,1.24573814868927,0.40687116980552673,0.4445989727973938,0.07645448297262192,0.05432034283876419,1.50303316116333
Ukraine,Commonwealth of Independent States,4.560699939727783,0.04968389496207237,4.658080577850342,4.463319301605225,9.010690689086914,0.8788793683052063,64.606781005859375,0.6630818843841553,-0.03093370608985424,0.9206367135047913,1.9723167419433594,0.7804346084594727,1.3213164806365967,0.6986743807792664,0.31942370533943176,0.1785513162612915,0.00965115986764431,1.252669334411621
Liberia,Sub-Saharan Africa,4.5578999519348145,0.08195635676383972,4.718534469604492,4.397265434265137,7.054380416870117,0.7092805504798889,56.0963134765625,0.7352687120437622,0.04227321967482567,0.8563759326934814,1.9723167419433594,0.1741030067205429,0.9207339286804199,0.3922842741012573,0.4059430956840515,0.22696787118911743,0.05113987624645233,2.3867578506469727
Palestinian Territories,Middle East and North Africa,4.552800178527832,0.055874817073345184,4.6623148918151855,4.4432854652404785,8.389223098754883,0.8252959251403809,62.25,0.6457918286323547,-0.1620790958404541,0.8241999745368958,1.9723167419433594,0.5878192186355591,1.1947555541992188,0.61382657289505,0.298700749874115,0.0918162614107132,0.07191365212202072,1.6939857006072998
Uganda,Sub-Saharan Africa,4.432000160217285,0.06849545240402222,4.566251277923584,4.297749042510986,7.500389575958252,0.7649946212768555,55.70820236206055,0.7317139506340027,0.09948743134737015,0.8367378115653992,1.9723167419433594,0.3123374283313751,1.0523273944854736,0.3783116638660431,0.4016825556755066,0.2648073732852936,0.06381884217262268,1.9586710929870605
Chad,Sub-Saharan Africa,4.422699928283691,0.07523132115602493,4.57015323638916,4.275246620178223,7.467963695526123,0.6323880553245544,48.22053909301758,0.5873052477836609,0.017834719270467758,0.8027608394622803,1.9723167419433594,0.3022874891757965,0.7391182780265808,0.10874409973621368,0.22860176861286163,0.21080508828163147,0.08575540781021118,2.7474265098571777
Tunisia,Middle East and North Africa,4.392199993133545,0.04967053234577179,4.489554405212402,4.2948455810546875,9.314972877502441,0.6887185573577881,66.897857666015625,0.5933615565299988,-0.21641381084918976,0.8675902485847473,1.9723167419433594,0.8747426867485046,0.872167706489563,0.7811567187309265,0.23586055636405945,0.05588114261627197,0.043899573385715485,1.5284967422485352
Mauritania,Sub-Saharan Africa,4.374599933624268,0.05509334057569504,4.482583045959473,4.2666168212890625,8.233919143676758,0.7908192276954651,57.01017761230469,0.5515225529670715,-0.1060081422328949,0.746223509311676,1.9723167419433594,0.5396848917007446,1.1133235692977905,0.42518481612205505,0.1857144832611084,0.12889966368675232,0.12225763499736786,1.8595573902130127
Sri Lanka,South Asia,4.327000141143799,0.05308552458882332,4.4310479164123535,4.222952365875244,9.389969825744629,0.8253740668296814,67.20006561279297,0.8376336693763733,0.08112961798906326,0.8590017557144165,1.9723167419433594,0.8979869484901428,1.1949400901794434,0.7920367121696472,0.5286324620246887,0.2526661455631256,0.04944456368684769,0.6112885475158691
Congo (Kinshasa),Sub-Saharan Africa,4.310999870300293,0.10899823158979416,4.524636268615723,4.097363471984863,6.69425630569458,0.6721590161323547,52.900001525878906,0.7007935643196106,0.08363765478134155,0.8094035983085632,1.9723167419433594,0.062487468123435974,0.8330550193786621,0.2772120535373688,0.36462298035621643,0.25432488322257996,0.08146664500236511,2.437864303588867
Swaziland,Sub-Saharan Africa,4.30810022354126,0.07145193964242935,4.448145866394043,4.168054580688477,9.1626739501953125,0.770290195941925,51.188236236572266,0.6468222737312317,-0.19920141994953156,0.7082633376121521,1.9723167419433594,0.8275397419929504,1.0648351907730103,0.2155858278274536,0.29993578791618347,0.06726483255624771,0.14676587283611298,1.6862072944641113
Myanmar,Southeast Asia,4.308000087738037,0.042949214577674866,4.392180442810059,4.223819732666016,8.680481910705566,0.7844070196151733,58.96171188354492,0.8950752019882202,0.5606639981269836,0.6451243162155151,1.9723167419433594,0.6780909299850464,1.0981782674789429,0.49544307589530945,0.5974788665771484,0.5698137283325195,0.18753035366535187,0.6814625263214111
Comoros,Sub-Saharan Africa,4.288599967956543,0.08434019237756729,4.453906536102295,4.123293399810791,7.833630084991455,0.6256624460220337,57.3490104675293,0.5476126074790955,0.09000840783119202,0.7806226015090942,1.9723167419433594,0.4156207740306854,0.7232328057289124,0.4373833239078522,0.18102823197841644,0.25853827595710754,0.10004853457212448,2.172769069671631
Togo,Sub-Saharan Africa,4.18720006942749,0.0625067725777626,4.309713363647461,4.0646867752075195,7.357711315155029,0.5513126254081726,54.71989822387695,0.6498286128044128,0.002667874563485384,0.7577334642410278,1.9723167419433594,0.2681162655353546,0.5476228594779968,0.34273117780685425,0.3035390377044678,0.20077425241470337,0.11482645571231842,2.409595251083374
Ethiopia,Sub-Saharan Africa,4.186200141906738,0.03891509398818016,4.2624735832214355,4.109926700592041,7.509385585784912,0.74330735206604,58.639591217041016,0.7407951951026917,0.043377332389354706,0.7536900043487549,1.9723167419433594,0.31512564420700073,1.0011032819747925,0.4838462471961975,0.4125668704509735,0.22769810259342194,0.11743703484535217,1.6284592151641846
Madagascar,Sub-Saharan Africa,4.165599822998047,0.0575421042740345,4.278382301330566,4.052817344665527,7.281685829162598,0.668195903301239,59.10542678833008,0.5575740933418274,-0.011823639273643494,0.8174856305122375,1.9723167419433594,0.24455320835113525,0.8236943483352661,0.5006170272827148,0.19296754896640778,0.19119006395339966,0.0762486383318901,2.136298418045044
Egypt,Middle East and North Africa,4.151400089263916,0.03597942367196083,4.221919536590576,4.080880641937256,9.31654167175293,0.7354478240013123,61.7801513671875,0.7083541750907898,-0.1968783140182495,0.787726879119873,1.9723167419433594,0.8752289414405823,0.9825395345687866,0.5969113111495972,0.37368473410606384,0.06880125403404236,0.09546179324388504,1.158818244934082
Sierra Leone,Sub-Saharan Africa,3.9263999462127686,0.06115078926086426,4.046255588531494,3.806544303894043,7.268803119659424,0.6361420154571533,50.865142822265625,0.715315043926239,0.08866074681282043,0.8613306879997253,1.9723167419433594,0.240560382604599,0.7479849457740784,0.20395396649837494,0.38202768564224243,0.25764700770378113,0.0479409359395504,2.046271800994873
Burundi,Sub-Saharan Africa,3.7753000259399414,0.10712238401174545,3.985260009765625,3.565340042114258,6.492642402648926,0.4903257191181183,53.400001525878906,0.6263502240180969,-0.017551597207784653,0.6069345474243164,1.9723167419433594,0,0.40357527136802673,0.29521283507347107,0.2753990590572357,0.18740178644657135,0.21218682825565338,2.4015073776245117
Zambia,Sub-Saharan Africa,3.759399890899658,0.0606766901910305,3.878326177597046,3.6404736042022705,8.224720001220703,0.6988244652748108,55.29937744140625,0.806500256061554,0.07803712785243988,0.8012896776199341,1.9723167419433594,0.5368337631225586,0.8960372805595398,0.36359333992004395,0.4913175404071808,0.25062090158462524,0.08670523762702942,1.1343393325805664
Haiti,Latin America and Caribbean,3.7207999229431152,0.10146300494670868,3.9196674823760986,3.521932363510132,7.41132926940918,0.5932478308677673,55.59862518310547,0.5378251671791077,0.40053457021713257,0.6847672462463379,1.9723167419433594,0.28473442792892456,0.6466713547706604,0.37436673045158386,0.16929751634597778,0.46390965580940247,0.16193567216396332,1.6199169158935547
Lesotho,Sub-Saharan Africa,3.6528000831604004,0.08212098479270935,3.8137571811676025,3.4918429851531982,7.960488319396973,0.7804957032203674,48.003623962402344,0.7381258606910706,-0.14573204517364502,0.8573920726776123,1.9723167419433594,0.45493873953819275,1.0889400243759155,0.10093481093645096,0.40936753153800964,0.10262764245271683,0.0504838228225708,1.4455139636993408
India,South Asia,3.5732998847961426,0.02770223468542099,3.627596378326416,3.519003391265869,8.849823951721191,0.5922009348869324,60.215187072753906,0.8814448714256287,0.057551607489585876,0.7720426917076111,1.9723167419433594,0.7305761575698853,0.6441986560821533,0.5405701398849487,0.581142246723175,0.23707248270511627,0.10558798164129257,0.734130859375
Malawi,Sub-Saharan Africa,3.5380001068115234,0.07026051729917526,3.675710678100586,3.400289535522461,7.062226295471191,0.5440073013305664,57.59288787841797,0.803223192691803,0.021433278918266296,0.7317007780075073,1.9723167419433594,0.1765347272157669,0.5303680896759033,0.4461632966995239,0.48738983273506165,0.21318505704402924,0.1316339522600174,1.5527182817459106
Yemen,Middle East and North Africa,3.527400016784668,0.054158084094524384,3.633549928665161,3.421250104904175,7.759682655334473,0.8179805874824524,56.7272834777832,0.5999202728271484,-0.1577354371547699,0.8002877235412598,1.9723167419433594,0.39270177483558655,1.1774771213531494,0.41500017046928406,0.24372148513793945,0.0946890115737915,0.08735212683677673,1.1164727210998535
Botswana,Sub-Saharan Africa,3.4788999557495117,0.06054269149899483,3.5975637435913086,3.360236167907715,9.711203575134277,0.7791217565536499,58.92445373535156,0.8213281035423279,-0.2503944933414459,0.7779309153556824,1.9723167419433594,0.9975489974021912,1.0856947898864746,0.49410173296928406,0.5090894103050232,0.033407486975193024,0.10178636759519577,0.25724053382873535
Tanzania,Sub-Saharan Africa,3.4762001037597656,0.06320974975824356,3.6000912189483643,3.352308988571167,7.967665195465088,0.6889331936836243,57.49607467651367,0.8215397596359253,0.10966868698596954,0.6197994351387024,1.9723167419433594,0.45716312527656555,0.8726746439933777,0.4426778554916382,0.5093430876731873,0.27154091000556946,0.20388086140155792,0.7189633846282959
Central African Republic,Sub-Saharan Africa,3.4758999347686768,0.11518295109272003,3.7016584873199463,3.2501413822174072,6.625160217285156,0.31945985555648804,45.20000076293945,0.6408806443214417,0.08241035789251328,0.8918066620826721,1.9723167419433594,0.04107208177447319,0,0,0.2928144633769989,0.2535132169723511,0.028264718130230904,2.8601975440979004
Rwanda,Sub-Saharan Africa,3.312299966812134,0.05242520943284035,3.415053367614746,3.2095465660095215,7.600104331970215,0.540835440158844,61.098846435546875,0.9005894064903259,0.05548395216464996,0.1835411787033081,1.9723167419433594,0.34324267506599426,0.5228763222694397,0.5723832845687866,0.6040878891944885,0.23570498824119568,0.4855424761772156,0.5484449863433838
Zimbabwe,Sub-Saharan Africa,3.2992000579833984,0.058674462139606476,3.4142019748687744,3.1841981410980225,7.865711688995361,0.7630927562713623,55.61725997924805,0.7114579081535339,-0.07206395268440247,0.8102369904518127,1.9723167419433594,0.4255640208721161,1.0478352308273315,0.37503761053085327,0.37740471959114075,0.15134918689727783,0.08092857897281647,0.8410310745239258
South Sudan,Sub-Saharan Africa,2.8166000843048096,0.10761040449142456,3.0275163650512695,2.6056838035583496,7.425359725952148,0.5537071228027344,51,0.4513136148452759,0.016518548130989075,0.7634173035621643,1.9723167419433594,0.28908297419548035,0.5532785058021545,0.208809033036232,0.06560925394296646,0.20993460714817047,0.11115679889917374,1.378751277923584
Afghanistan,South Asia,2.5669000148773193,0.03131142631173134,2.628270387649536,2.5055296421051025,7.462860584259033,0.4703669548034668,52.59000015258789,0.396573007106781,-0.09642940014600754,0.9336865544319153,1.9723167419433594,0.30070585012435913,0.35643383860588074,0.2660515308380127,0,0.13523471355438232,0.0012257853522896767,1.5072356462478638
